{"version":6,"validation":{"int8":{"confusion_matrix":[[0,0,0,0,0,0,0,0],[0,0,0,0,0,0,0,0],[0,0,0,0,0,0,0,0],[0,0,0,2077,1,0,4,0],[0,0,0,0,1343,0,1,0],[0,0,0,1,9,4944,0,1],[0,0,0,1,0,0,628,0],[0,0,0,74,3,2,1,0]],"classification_report":{"3":{"precision":0.9647004180213655,"recall":0.9975984630163305,"f1-score":0.9808736717827627,"support":2082},"4":{"precision":0.9904129793510325,"recall":0.9992559523809523,"f1-score":0.9948148148148148,"support":1344},"5":{"precision":0.9995956328346138,"recall":0.9977800201816347,"f1-score":0.9986870013129987,"support":4955},"6":{"precision":0.9905362776025236,"recall":0.9984101748807631,"f1-score":0.9944576405384006,"support":629},"7":{"precision":0,"recall":0,"f1-score":0,"support":80},"accuracy":0.9892189218921892,"macro avg":{"precision":0.7890490615619071,"recall":0.7986089220919361,"f1-score":0.7937666256897954,"support":9090},"weighted avg":{"precision":0.9808212314494795,"recall":0.9892189218921892,"f1-score":0.9849524799964121,"support":9090}},"roc_auc":null,"loss":0.05268035456320727,"support":9090,"weighted_average":{"precision":0.9808212314494795,"recall":0.9892189218921892,"f1-score":0.9849524799964121},"class_names":[" \"/m/01j3sz"," \"/m/0fx9l"," \"/m/0fx9l\"","fire","nominal","rain","wind","wood"]},"float32":{"confusion_matrix":[[0,0,0,0,0,0,0,0],[0,0,0,0,0,0,0,0],[0,0,0,0,0,0,0,0],[0,0,0,2076,1,0,5,0],[0,0,0,1,1341,0,2,0],[0,0,0,1,9,4944,0,1],[0,0,0,0,0,0,628,1],[0,0,0,74,3,2,1,0]],"classification_report":{"3":{"precision":0.9646840148698885,"recall":0.9971181556195965,"f1-score":0.98063297118564,"support":2082},"4":{"precision":0.9903988183161004,"recall":0.9977678571428571,"f1-score":0.9940696812453669,"support":1344},"5":{"precision":0.9995956328346138,"recall":0.9977800201816347,"f1-score":0.9986870013129987,"support":4955},"6":{"precision":0.9874213836477987,"recall":0.9984101748807631,"f1-score":0.9928853754940712,"support":629},"7":{"precision":0,"recall":0,"f1-score":0,"support":80},"accuracy":0.9888888888888889,"macro avg":{"precision":0.7884199699336804,"recall":0.7982152415649703,"f1-score":0.7932550058476153,"support":9090},"weighted avg":{"precision":0.9805998395804095,"recall":0.9888888888888889,"f1-score":0.9846783817705121,"support":9090}},"roc_auc":null,"loss":0.03196942763996501,"support":9090,"weighted_average":{"precision":0.9805998395804095,"recall":0.9888888888888889,"f1-score":0.9846783817705121},"class_names":[" \"/m/01j3sz"," \"/m/0fx9l"," \"/m/0fx9l\"","fire","nominal","rain","wind","wood"]}}}